date,game_id,team_a,team_b,chosen_side,chosen_team,chosen_odds,our_prob,implied_prob,edge,edge_bucket,odds_bucket,zone,bet_amount,bet_won,profit,actual_winner
2025-02-20,abilene-christian_vs_southern utah_20250220,Team A,Team B,A,Team A,-310.0,0.7883336,0.7560975609756098,0.032236039024390206,0.030-0.035,Heavy Favorite (<-300),Heavy Favorite (<-300),100,True,32.258064516129025,A
2025-02-22,abilene-christian_vs_utah tech_20250222,Team A,Team B,A,Team A,-305.0,0.820874,0.7530864197530864,0.06778758024691356,0.065-0.070,Heavy Favorite (<-300),Heavy Favorite (<-300),100,True,32.78688524590163,A
2024-12-31,air-force_vs_unlv_20241231,Team A,Team B,B,Team B,-335.0,0.80322723,0.7701149425287356,0.03311228747126438,0.030-0.035,Heavy Favorite (<-300),Heavy Favorite (<-300),100,True,29.850746268656714,B
2024-11-24,akron_vs_alabama state_20241124,Team A,Team B,A,Team A,-363.0,0.8306791,0.7840172786177105,0.04666182138228947,0.045-0.050,Heavy Favorite (<-300),Heavy Favorite (<-300),100,True,27.548209366391198,A
2024-12-21,akron_vs_jackson state_20241221,Team A,Team B,A,Team A,-375.0,0.8698377,0.7894736842105263,0.08036401578947372,0.080-0.085,Heavy Favorite (<-300),Heavy Favorite (<-300),100,True,26.66666666666666,A
2025-01-14,akron_vs_toledo_20250114,Team A,Team B,A,Team A,-337.0,0.7970386,0.7711670480549199,0.025871551945080173,0.025-0.030,Heavy Favorite (<-300),Heavy Favorite (<-300),100,True,29.67359050445104,A
2025-03-14,akron_vs_toledo_20250314,Team A,Team B,A,Team A,-410.0,0.8828651,0.803921568627451,0.07894353137254895,0.075-0.080,Heavy Favorite (<-300),Heavy Favorite (<-300),100,True,24.390243902439025,A
2025-02-25,alabama_vs_mississippi state_20250225,Team A,Team B,A,Team A,-411.0,0.8448937,0.8043052837573386,0.04058841624266141,0.040-0.045,Heavy Favorite (<-300),Heavy Favorite (<-300),100,True,24.330900243308996,A
2025-02-08,alabama-am_vs_southern_20250208,Team A,Team B,B,Team B,-345.0,0.79729722,0.7752808988764045,0.022016321123595528,0.020-0.025,Heavy Favorite (<-300),Heavy Favorite (<-300),100,True,28.985507246376805,B
2025-02-16,alabama-birmingham_vs_south florida_20250216,Team A,Team B,A,Team A,-410.0,0.8518925,0.803921568627451,0.04797093137254904,0.045-0.050,Heavy Favorite (<-300),Heavy Favorite (<-300),100,True,24.390243902439025,A
2025-01-29,appalachian-state_vs_old dominion_20250129,Team A,Team B,A,Team A,-657.0,0.89997053,0.8678996036988111,0.03207092630118891,0.030-0.035,Heavy Favorite (<-300),Heavy Favorite (<-300),100,False,-100.0,B
2025-02-01,appalachian-state_vs_georgia state_20250201,Team A,Team B,A,Team A,-722.0,0.9074143,0.878345498783455,0.02906880121654498,0.025-0.030,Heavy Favorite (<-300),Heavy Favorite (<-300),100,True,13.850415512465375,A
2025-02-05,appalachian-state_vs_southern mississippi_20250205,Team A,Team B,A,Team A,-400.0,0.81671757,0.8,0.01671756999999996,0.015-0.020,Heavy Favorite (<-300),Heavy Favorite (<-300),100,True,25.0,A
2025-02-20,appalachian-state_vs_georgia southern_20250220,Team A,Team B,A,Team A,-410.0,0.8144762,0.803921568627451,0.010554631372548973,0.010-0.015,Heavy Favorite (<-300),Heavy Favorite (<-300),100,True,24.390243902439025,A
2024-12-14,arizona-state_vs_florida_20241214,Team A,Team B,B,Team B,-318.0,0.78595859,0.7607655502392344,0.02519303976076559,0.025-0.030,Heavy Favorite (<-300),Heavy Favorite (<-300),100,True,31.446540880503136,B
2024-12-21,arizona-state_vs_massachusetts_20241221,Team A,Team B,A,Team A,-470.0,0.88547355,0.8245614035087719,0.060912146491228114,0.060-0.065,Heavy Favorite (<-300),Heavy Favorite (<-300),100,True,21.27659574468086,A
2024-11-29,arkansas-state_vs_indiana state_20241129,Team A,Team B,A,Team A,-404.0,0.8470718,0.8015873015873016,0.045484498412698415,0.045-0.050,Heavy Favorite (<-300),Heavy Favorite (<-300),100,True,24.752475247524753,A
2024-12-12,arkansas-state_vs_ut arlington_20241212,Team A,Team B,A,Team A,-360.0,0.82017565,0.782608695652174,0.03756695434782609,0.035-0.040,Heavy Favorite (<-300),Heavy Favorite (<-300),100,True,27.777777777777768,A
2025-01-14,auburn_vs_mississippi state_20250114,Team A,Team B,A,Team A,-340.0,0.82903796,0.7727272727272727,0.056310687272727256,0.055-0.060,Heavy Favorite (<-300),Heavy Favorite (<-300),100,True,29.41176470588236,A
2025-02-24,austin-peay_vs_lipscomb_20250224,Team A,Team B,B,Team B,-325.0,0.80953951,0.7647058823529411,0.044833627647058893,0.040-0.045,Heavy Favorite (<-300),Heavy Favorite (<-300),100,True,30.76923076923077,B
2025-01-22,baylor_vs_kansas state_20250122,Team A,Team B,A,Team A,-808.0,0.9176019,0.8898678414096917,0.027734058590308308,0.025-0.030,Heavy Favorite (<-300),Heavy Favorite (<-300),100,True,12.376237623762387,A
2025-01-09,bellarmine_vs_jacksonville_20250109,Team A,Team B,B,Team B,-325.0,0.78149655,0.7647058823529411,0.016790667647058832,0.015-0.020,Heavy Favorite (<-300),Heavy Favorite (<-300),100,True,30.76923076923077,B
2025-02-13,bellarmine_vs_queens (nc)_20250213,Team A,Team B,B,Team B,-334.0,0.80163881,0.7695852534562212,0.03205355654377884,0.030-0.035,Heavy Favorite (<-300),Heavy Favorite (<-300),100,True,29.940119760479035,B
2025-03-08,belmont_vs_drake_20250308,Team A,Team B,B,Team B,-343.0,0.7940029200000001,0.7742663656884876,0.019736554311512444,0.015-0.020,Heavy Favorite (<-300),Heavy Favorite (<-300),100,True,29.154518950437325,B
2025-01-29,boise-state_vs_nevada_20250129,Team A,Team B,A,Team A,-350.0,0.7899552,0.7777777777777778,0.012177422222222178,0.010-0.015,Heavy Favorite (<-300),Heavy Favorite (<-300),100,True,28.57142857142856,A
2025-01-15,bradley_vs_indiana state_20250115,Team A,Team B,A,Team A,-375.0,0.85142726,0.7894736842105263,0.06195357578947369,0.060-0.065,Heavy Favorite (<-300),Heavy Favorite (<-300),100,True,26.66666666666666,A
2025-02-05,bradley_vs_belmont_20250205,Team A,Team B,A,Team A,-360.0,0.7956843,0.782608695652174,0.013075604347826064,0.010-0.015,Heavy Favorite (<-300),Heavy Favorite (<-300),100,False,-100.0,B
2025-02-22,bradley_vs_murray state_20250222,Team A,Team B,A,Team A,-305.0,0.80014634,0.7530864197530864,0.04705992024691352,0.045-0.050,Heavy Favorite (<-300),Heavy Favorite (<-300),100,True,32.78688524590163,A
2025-01-25,brigham-young_vs_cincinnati_20250125,Team A,Team B,A,Team A,-310.0,0.7910106,0.7560975609756098,0.03491303902439025,0.030-0.035,Heavy Favorite (<-300),Heavy Favorite (<-300),100,True,32.258064516129025,A
2025-02-15,brigham-young_vs_kansas state_20250215,Team A,Team B,A,Team A,-330.0,0.80259013,0.7674418604651163,0.0351482695348837,0.035-0.040,Heavy Favorite (<-300),Heavy Favorite (<-300),100,True,30.303030303030297,A
2024-11-15,brown_vs_new hampshire_20241115,Team A,Team B,A,Team A,-360.0,0.8805963,0.782608695652174,0.09798760434782605,0.095-0.100,Heavy Favorite (<-300),Heavy Favorite (<-300),100,True,27.777777777777768,A
2024-11-16,brown_vs_holy cross_20241116,Team A,Team B,A,Team A,-345.0,0.84377766,0.7752808988764045,0.06849676112359548,0.065-0.070,Heavy Favorite (<-300),Heavy Favorite (<-300),100,False,-100.0,B
2024-11-17,brown_vs_sacred heart_20241117,Team A,Team B,A,Team A,-420.0,0.8292219,0.8076923076923077,0.021529592307692247,0.020-0.025,Heavy Favorite (<-300),Heavy Favorite (<-300),100,True,23.809523809523814,A
2024-12-04,bucknell_vs_st. bonaventure_20241204,Team A,Team B,B,Team B,-350.0,0.78993453,0.7777777777777778,0.012156752222222234,0.010-0.015,Heavy Favorite (<-300),Heavy Favorite (<-300),100,True,28.57142857142856,B
2025-01-10,buffalo_vs_kent state_20250110,Team A,Team B,B,Team B,-625.0,0.9004970800000001,0.8620689655172413,0.038428114482758735,0.035-0.040,Heavy Favorite (<-300),Heavy Favorite (<-300),100,True,15.999999999999993,B
2025-03-04,buffalo_vs_miami (oh)_20250304,Team A,Team B,B,Team B,-400.0,0.8376143,0.8,0.03761429999999999,0.035-0.040,Heavy Favorite (<-300),Heavy Favorite (<-300),100,True,25.0,B
2025-01-30,california-baptist_vs_abilene christian_20250130,Team A,Team B,A,Team A,-310.0,0.79271036,0.7560975609756098,0.036612799024390186,0.035-0.040,Heavy Favorite (<-300),Heavy Favorite (<-300),100,True,32.258064516129025,A
2025-03-06,california-baptist_vs_tarleton state_20250306,Team A,Team B,A,Team A,-376.0,0.8232695,0.7899159663865546,0.033353533613445396,0.030-0.035,Heavy Favorite (<-300),Heavy Favorite (<-300),100,True,26.595744680851062,A
2024-11-28,california-irvine_vs_kennesaw state_20241128,Team A,Team B,A,Team A,-475.0,0.8464531,0.8260869565217391,0.020366143478260823,0.020-0.025,Heavy Favorite (<-300),Heavy Favorite (<-300),100,True,21.052631578947366,A
2025-02-08,california-riverside_vs_cal state bakersfield_20250208,Team A,Team B,A,Team A,-330.0,0.83334315,0.7674418604651163,0.06590128953488372,0.065-0.070,Heavy Favorite (<-300),Heavy Favorite (<-300),100,True,30.303030303030297,A
2025-02-20,california-riverside_vs_long beach state_20250220,Team A,Team B,A,Team A,-675.0,0.8916159,0.8709677419354839,0.020648158064516142,0.020-0.025,Heavy Favorite (<-300),Heavy Favorite (<-300),100,True,14.814814814814813,A
2024-11-06,california-san-diego_vs_san diego state_20241106,Team A,Team B,B,Team B,-626.0,0.87902148,0.8622589531680441,0.016762526831955893,0.015-0.020,Heavy Favorite (<-300),Heavy Favorite (<-300),100,True,15.974440894568698,B
2024-12-17,california-san-diego_vs_utah state_20241217,Team A,Team B,B,Team B,-506.0,0.93260438,0.834983498349835,0.09762088165016503,0.095-0.100,Heavy Favorite (<-300),Heavy Favorite (<-300),100,False,-100.0,A
2025-02-01,california-santa-barbara_vs_long beach state_20250201,Team A,Team B,A,Team A,-450.0,0.83736616,0.8181818181818182,0.019184341818181738,0.015-0.020,Heavy Favorite (<-300),Heavy Favorite (<-300),100,True,22.222222222222232,A
2024-11-24,central-arkansas_vs_unc asheville_20241124,Team A,Team B,B,Team B,-338.0,0.80100922,0.771689497716895,0.029319722283104976,0.025-0.030,Heavy Favorite (<-300),Heavy Favorite (<-300),100,False,-100.0,A
2025-02-22,central-connecticut-state_vs_stonehill_20250222,Team A,Team B,A,Team A,-400.0,0.81563556,0.8,0.015635559999999993,0.015-0.020,Heavy Favorite (<-300),Heavy Favorite (<-300),100,True,25.0,A
2024-12-01,central-florida_vs_california baptist_20241201,Team A,Team B,A,Team A,-525.0,0.86166775,0.84,0.021667749999999986,0.020-0.025,Heavy Favorite (<-300),Heavy Favorite (<-300),100,True,19.047619047619047,A
2025-02-01,chattanooga_vs_mercer_20250201,Team A,Team B,A,Team A,-340.0,0.82571214,0.7727272727272727,0.05298486727272733,0.050-0.055,Heavy Favorite (<-300),Heavy Favorite (<-300),100,True,29.41176470588236,A
2025-02-13,coastal-carolina_vs_appalachian state_20250213,Team A,Team B,B,Team B,-410.0,0.87569955,0.803921568627451,0.07177798137254898,0.070-0.075,Heavy Favorite (<-300),Heavy Favorite (<-300),100,True,24.390243902439025,B
2024-12-28,columbia_vs_fairfield_20241228,Team A,Team B,A,Team A,-472.0,0.8472667,0.8251748251748252,0.02209187482517483,0.020-0.025,Heavy Favorite (<-300),Heavy Favorite (<-300),100,True,21.18644067796609,A
2025-01-18,connecticut_vs_creighton_20250118,Team A,Team B,A,Team A,-345.0,0.8103994,0.7752808988764045,0.03511850112359549,0.035-0.040,Heavy Favorite (<-300),Heavy Favorite (<-300),100,False,-100.0,B
2025-02-01,cornell_vs_harvard_20250201,Team A,Team B,A,Team A,-475.0,0.84833527,0.8260869565217391,0.02224831347826084,0.020-0.025,Heavy Favorite (<-300),Heavy Favorite (<-300),100,True,21.052631578947366,A
2025-02-28,cornell_vs_pennsylvania_20250228,Team A,Team B,A,Team A,-410.0,0.8372672,0.803921568627451,0.03334563137254898,0.030-0.035,Heavy Favorite (<-300),Heavy Favorite (<-300),100,True,24.390243902439025,A
2025-03-08,cornell_vs_columbia_20250308,Team A,Team B,A,Team A,-550.0,0.8883027,0.8461538461538461,0.042148853846153855,0.040-0.045,Heavy Favorite (<-300),Heavy Favorite (<-300),100,True,18.181818181818187,A
2025-01-11,davidson_vs_fordham_20250111,Team A,Team B,A,Team A,-450.0,0.8537267,0.8181818181818182,0.03554488181818172,0.035-0.040,Heavy Favorite (<-300),Heavy Favorite (<-300),100,True,22.222222222222232,A
2025-01-11,denver_vs_north dakota state_20250111,Team A,Team B,B,Team B,-500.0,0.88490591,0.8333333333333334,0.05157257666666659,0.050-0.055,Heavy Favorite (<-300),Heavy Favorite (<-300),100,True,19.999999999999996,B
2025-02-08,denver_vs_st. thomas_20250208,Team A,Team B,B,Team B,-525.0,0.8790941,0.84,0.03909410000000002,0.035-0.040,Heavy Favorite (<-300),Heavy Favorite (<-300),100,True,19.047619047619047,B
2025-03-01,denver_vs_south dakota state_20250301,Team A,Team B,B,Team B,-375.0,0.8189653,0.7894736842105263,0.02949161578947368,0.025-0.030,Heavy Favorite (<-300),Heavy Favorite (<-300),100,False,-100.0,A
2025-01-18,detroit-mercy_vs_oakland_20250118,Team A,Team B,B,Team B,-450.0,0.8372999999999999,0.8181818181818182,0.0191181818181817,0.015-0.020,Heavy Favorite (<-300),Heavy Favorite (<-300),100,True,22.222222222222232,B
2025-02-20,dixie-state_vs_utah valley_20250220,Team A,Team B,B,Team B,-323.0,0.8002845199999999,0.7635933806146572,0.03669113938534274,0.035-0.040,Heavy Favorite (<-300),Heavy Favorite (<-300),100,True,30.959752321981426,B
2024-12-29,drake_vs_belmont_20241229,Team A,Team B,A,Team A,-402.0,0.83540523,0.8007968127490039,0.03460841725099606,0.030-0.035,Heavy Favorite (<-300),Heavy Favorite (<-300),100,True,24.87562189054726,A
2025-01-05,drake_vs_murray state_20250105,Team A,Team B,A,Team A,-500.0,0.8776602,0.8333333333333334,0.04432686666666663,0.040-0.045,Heavy Favorite (<-300),Heavy Favorite (<-300),100,False,-100.0,B
2025-01-29,drake_vs_northern iowa_20250129,Team A,Team B,A,Team A,-325.0,0.8015041,0.7647058823529411,0.03679821764705893,0.035-0.040,Heavy Favorite (<-300),Heavy Favorite (<-300),100,True,30.76923076923077,A
2025-03-14,duke_vs_north carolina_20250314,Team A,Team B,A,Team A,-310.0,0.8446081,0.7560975609756098,0.08851053902439021,0.085-0.090,Heavy Favorite (<-300),Heavy Favorite (<-300),100,True,32.258064516129025,A
2025-01-23,eastern-kentucky_vs_stetson_20250123,Team A,Team B,A,Team A,-750.0,0.894621,0.8823529411764706,0.012268058823529437,0.010-0.015,Heavy Favorite (<-300),Heavy Favorite (<-300),100,False,-100.0,B
2024-11-30,eastern-michigan_vs_detroit mercy_20241130,Team A,Team B,A,Team A,-340.0,0.78843415,0.7727272727272727,0.015706877272727238,0.015-0.020,Heavy Favorite (<-300),Heavy Favorite (<-300),100,False,-100.0,B
2025-01-04,eastern-michigan_vs_northern illinois_20250104,Team A,Team B,A,Team A,-315.0,0.7992664,0.7590361445783133,0.04023025542168679,0.040-0.045,Heavy Favorite (<-300),Heavy Favorite (<-300),100,True,31.746031746031743,A
2025-01-13,elon_vs_campbell_20250113,Team A,Team B,A,Team A,-340.0,0.8575231,0.7727272727272727,0.08479582727272728,0.080-0.085,Heavy Favorite (<-300),Heavy Favorite (<-300),100,True,29.41176470588236,A
2025-02-26,evansville_vs_drake_20250226,Team A,Team B,B,Team B,-425.0,0.86500135,0.8095238095238095,0.05547754047619047,0.055-0.060,Heavy Favorite (<-300),Heavy Favorite (<-300),100,True,23.529411764705888,B
2025-02-15,florida_vs_south carolina_20250215,Team A,Team B,A,Team A,-900.0,0.92943347,0.9,0.02943346999999996,0.025-0.030,Heavy Favorite (<-300),Heavy Favorite (<-300),100,True,11.111111111111116,A
2025-03-01,florida_vs_texas a&m_20250301,Team A,Team B,A,Team A,-440.0,0.8297586,0.8148148148148148,0.014943785185185243,0.010-0.015,Heavy Favorite (<-300),Heavy Favorite (<-300),100,True,22.72727272727273,A
2025-02-20,florida-atlantic_vs_wichita state_20250220,Team A,Team B,A,Team A,-330.0,0.8015214,0.7674418604651163,0.03407953953488374,0.030-0.035,Heavy Favorite (<-300),Heavy Favorite (<-300),100,False,-100.0,B
2025-01-11,florida-gulf-coast_vs_central arkansas_20250111,Team A,Team B,A,Team A,-750.0,0.9055378,0.8823529411764706,0.023184858823529386,0.020-0.025,Heavy Favorite (<-300),Heavy Favorite (<-300),100,True,13.33333333333333,A
2025-02-24,florida-gulf-coast_vs_north florida_20250224,Team A,Team B,A,Team A,-359.0,0.8069013,0.7821350762527233,0.024766223747276772,0.020-0.025,Heavy Favorite (<-300),Heavy Favorite (<-300),100,True,27.85515320334262,A
2025-01-04,florida-state_vs_syracuse_20250104,Team A,Team B,A,Team A,-416.0,0.8614385,0.8062015503875969,0.05523694961240311,0.055-0.060,Heavy Favorite (<-300),Heavy Favorite (<-300),100,True,24.03846153846154,A
2025-02-19,florida-state_vs_miami (fl)_20250219,Team A,Team B,A,Team A,-434.0,0.83596843,0.8127340823970037,0.023234347602996253,0.020-0.025,Heavy Favorite (<-300),Heavy Favorite (<-300),100,True,23.041474654377893,A
2025-01-08,george-mason_vs_richmond_20250108,Team A,Team B,A,Team A,-950.0,0.93310726,0.9047619047619048,0.028345355238095227,0.025-0.030,Heavy Favorite (<-300),Heavy Favorite (<-300),100,True,10.526315789473673,A
2025-01-11,george-mason_vs_massachusetts_20250111,Team A,Team B,A,Team A,-725.0,0.89944786,0.8787878787878788,0.020659981212121203,0.020-0.025,Heavy Favorite (<-300),Heavy Favorite (<-300),100,True,13.793103448275868,A
2025-01-18,george-mason_vs_george washington_20250118,Team A,Team B,A,Team A,-400.0,0.83212006,0.8,0.032120060000000006,0.030-0.035,Heavy Favorite (<-300),Heavy Favorite (<-300),100,True,25.0,A
2025-02-08,george-mason_vs_rhode island_20250208,Team A,Team B,A,Team A,-415.0,0.8464652,0.8058252427184466,0.04063995728155345,0.040-0.045,Heavy Favorite (<-300),Heavy Favorite (<-300),100,True,24.09638554216866,A
2025-02-26,george-mason_vs_fordham_20250226,Team A,Team B,A,Team A,-850.0,0.92088735,0.8947368421052632,0.02615050789473683,0.025-0.030,Heavy Favorite (<-300),Heavy Favorite (<-300),100,True,11.764705882352944,A
2025-03-19,george-mason_vs_samford_20250319,Team A,Team B,A,Team A,-310.0,0.77695245,0.7560975609756098,0.020854889024390255,0.020-0.025,Heavy Favorite (<-300),Heavy Favorite (<-300),100,True,32.258064516129025,A
2025-02-08,georgetown_vs_seton hall_20250208,Team A,Team B,A,Team A,-650.0,0.88410413,0.8666666666666667,0.017437463333333292,0.015-0.020,Heavy Favorite (<-300),Heavy Favorite (<-300),100,True,15.384615384615374,A
2025-01-29,george-washington_vs_richmond_20250129,Team A,Team B,A,Team A,-395.0,0.82079256,0.797979797979798,0.022812762020201993,0.020-0.025,Heavy Favorite (<-300),Heavy Favorite (<-300),100,True,25.31645569620253,A
2025-01-28,georgia_vs_south carolina_20250128,Team A,Team B,A,Team A,-337.0,0.79666626,0.7711670480549199,0.02549921194508009,0.025-0.030,Heavy Favorite (<-300),Heavy Favorite (<-300),100,True,29.67359050445104,A
2025-01-04,georgia-tech_vs_boston college_20250104,Team A,Team B,A,Team A,-320.0,0.7871967,0.7619047619047619,0.02529193809523811,0.025-0.030,Heavy Favorite (<-300),Heavy Favorite (<-300),100,True,31.25,A
2024-12-22,grand-canyon_vs_saint louis_20241222,Team A,Team B,A,Team A,-500.0,0.85194296,0.8333333333333334,0.018609626666666657,0.015-0.020,Heavy Favorite (<-300),Heavy Favorite (<-300),100,True,19.999999999999996,A
2025-02-27,grand-canyon_vs_ut arlington_20250227,Team A,Team B,A,Team A,-750.0,0.89834625,0.8823529411764706,0.01599330882352945,0.015-0.020,Heavy Favorite (<-300),Heavy Favorite (<-300),100,True,13.33333333333333,A
2025-03-12,grand-canyon_vs_ut arlington_20250312,Team A,Team B,A,Team A,-440.0,0.8527277,0.8148148148148148,0.03791288518518521,0.035-0.040,Heavy Favorite (<-300),Heavy Favorite (<-300),100,True,22.72727272727273,A
2025-02-24,hampton_vs_stony brook_20250224,Team A,Team B,A,Team A,-420.0,0.8336983,0.8076923076923077,0.026005992307692294,0.025-0.030,Heavy Favorite (<-300),Heavy Favorite (<-300),100,True,23.809523809523814,A
2024-11-24,high-point_vs_missouri state_20241124,Team A,Team B,A,Team A,-330.0,0.8482724,0.7674418604651163,0.08083053953488373,0.080-0.085,Heavy Favorite (<-300),Heavy Favorite (<-300),100,False,-100.0,B
2025-02-08,idaho_vs_sacramento state_20250208,Team A,Team B,A,Team A,-350.0,0.8269443,0.7777777777777778,0.049166522222222175,0.045-0.050,Heavy Favorite (<-300),Heavy Favorite (<-300),100,True,28.57142857142856,A
2025-01-08,illinois_vs_penn state_20250108,Team A,Team B,A,Team A,-330.0,0.8217693,0.7674418604651163,0.054327439534883726,0.050-0.055,Heavy Favorite (<-300),Heavy Favorite (<-300),100,True,30.303030303030297,A
2025-01-26,illinois_vs_northwestern_20250126,Team A,Team B,A,Team A,-360.0,0.86840975,0.782608695652174,0.08580105434782603,0.085-0.090,Heavy Favorite (<-300),Heavy Favorite (<-300),100,True,27.777777777777768,A
2025-02-02,illinois_vs_ohio state_20250202,Team A,Team B,A,Team A,-305.0,0.8399647,0.7530864197530864,0.08687828024691358,0.085-0.090,Heavy Favorite (<-300),Heavy Favorite (<-300),100,True,32.78688524590163,A
2025-02-01,illinois-chicago_vs_indiana state_20250201,Team A,Team B,A,Team A,-355.0,0.861055,0.7802197802197802,0.08083521978021979,0.080-0.085,Heavy Favorite (<-300),Heavy Favorite (<-300),100,False,-100.0,B
2025-01-05,illinois-state_vs_southern illinois_20250105,Team A,Team B,A,Team A,-344.0,0.8394479,0.7747747747747747,0.06467312522522528,0.060-0.065,Heavy Favorite (<-300),Heavy Favorite (<-300),100,True,29.06976744186047,A
2025-01-18,illinois-state_vs_missouri state_20250118,Team A,Team B,A,Team A,-447.0,0.83974016,0.8171846435100548,0.022555516489945138,0.020-0.025,Heavy Favorite (<-300),Heavy Favorite (<-300),100,True,22.37136465324385,A
2025-01-21,illinois-state_vs_indiana state_20250121,Team A,Team B,A,Team A,-310.0,0.79824257,0.7560975609756098,0.04214500902439022,0.040-0.045,Heavy Favorite (<-300),Heavy Favorite (<-300),100,True,32.258064516129025,A
2025-02-01,illinois-state_vs_valparaiso_20250201,Team A,Team B,A,Team A,-353.0,0.79926807,0.7792494481236203,0.020018621876379705,0.020-0.025,Heavy Favorite (<-300),Heavy Favorite (<-300),100,True,28.32861189801701,A
2025-01-18,indiana-state_vs_drake_20250118,Team A,Team B,B,Team B,-340.0,0.83670811,0.7727272727272727,0.0639808372727273,0.060-0.065,Heavy Favorite (<-300),Heavy Favorite (<-300),100,True,29.41176470588236,B
2025-01-27,jackson-state_vs_florida a&m_20250127,Team A,Team B,A,Team A,-410.0,0.8207395,0.803921568627451,0.016817931372548944,0.015-0.020,Heavy Favorite (<-300),Heavy Favorite (<-300),100,False,-100.0,B
2025-02-01,jacksonville_vs_north florida_20250201,Team A,Team B,A,Team A,-325.0,0.8332495,0.7647058823529411,0.06854361764705885,0.065-0.070,Heavy Favorite (<-300),Heavy Favorite (<-300),100,False,-100.0,B
2025-01-30,jacksonville-state_vs_florida international_20250130,Team A,Team B,A,Team A,-310.0,0.7716412,0.7560975609756098,0.015543639024390266,0.015-0.020,Heavy Favorite (<-300),Heavy Favorite (<-300),100,True,32.258064516129025,A
2024-11-25,kansas-state_vs_longwood_20241125,Team A,Team B,A,Team A,-543.0,0.8688198,0.8444790046656299,0.02434079533437017,0.020-0.025,Heavy Favorite (<-300),Heavy Favorite (<-300),100,True,18.416206261510126,A
2024-12-14,kentucky_vs_louisville_20241214,Team A,Team B,A,Team A,-591.0,0.8775183,0.8552821997105644,0.022236100289435567,0.020-0.025,Heavy Favorite (<-300),Heavy Favorite (<-300),100,True,16.92047377326564,A
2024-12-21,kentucky_vs_ohio state_20241221,Team A,Team B,A,Team A,-375.0,0.8440187,0.7894736842105263,0.05454501578947368,0.050-0.055,Heavy Favorite (<-300),Heavy Favorite (<-300),100,False,-100.0,B
2025-02-01,kentucky_vs_arkansas_20250201,Team A,Team B,A,Team A,-442.0,0.87242335,0.8154981549815498,0.05692519501845028,0.055-0.060,Heavy Favorite (<-300),Heavy Favorite (<-300),100,False,-100.0,B
2025-02-08,kentucky_vs_south carolina_20250208,Team A,Team B,A,Team A,-650.0,0.8937285,0.8666666666666667,0.02706183333333334,0.025-0.030,Heavy Favorite (<-300),Heavy Favorite (<-300),100,True,15.384615384615374,A
2024-11-23,la-salle_vs_stetson_20241123,Team A,Team B,A,Team A,-738.0,0.9096957,0.8806682577565632,0.029027442243436785,0.025-0.030,Heavy Favorite (<-300),Heavy Favorite (<-300),100,True,13.55013550135502,A
2024-12-21,liberty_vs_ut arlington_20241221,Team A,Team B,A,Team A,-500.0,0.84427685,0.8333333333333334,0.010943516666666597,0.010-0.015,Heavy Favorite (<-300),Heavy Favorite (<-300),100,True,19.999999999999996,A
2025-02-06,liberty_vs_louisiana tech_20250206,Team A,Team B,A,Team A,-319.0,0.7749639,0.7613365155131265,0.013627384486873506,0.010-0.015,Heavy Favorite (<-300),Heavy Favorite (<-300),100,True,31.34796238244515,A
2025-02-08,liberty_vs_sam houston state_20250208,Team A,Team B,A,Team A,-606.0,0.92111975,0.8583569405099151,0.06276280949008495,0.060-0.065,Heavy Favorite (<-300),Heavy Favorite (<-300),100,True,16.5016501650165,A
2025-03-02,liberty_vs_kennesaw state_20250302,Team A,Team B,A,Team A,-410.0,0.8293616,0.803921568627451,0.02544003137254902,0.025-0.030,Heavy Favorite (<-300),Heavy Favorite (<-300),100,False,-100.0,B
2025-01-30,lipscomb_vs_eastern kentucky_20250130,Team A,Team B,A,Team A,-559.0,0.87724924,0.8482549317147192,0.028994308285280823,0.025-0.030,Heavy Favorite (<-300),Heavy Favorite (<-300),100,False,-100.0,B
2025-01-20,long-island-university_vs_mercyhurst_20250120,Team A,Team B,A,Team A,-350.0,0.7976255,0.7777777777777778,0.019847722222222197,0.015-0.020,Heavy Favorite (<-300),Heavy Favorite (<-300),100,True,28.57142857142856,A
2025-01-25,louisiana-monroe_vs_appalachian state_20250125,Team A,Team B,B,Team B,-632.0,0.89255352,0.8633879781420765,0.029165541857923527,0.025-0.030,Heavy Favorite (<-300),Heavy Favorite (<-300),100,True,15.822784810126578,B
2025-01-28,louisville_vs_wake forest_20250128,Team A,Team B,A,Team A,-485.0,0.8642223,0.8290598290598291,0.03516247094017089,0.035-0.040,Heavy Favorite (<-300),Heavy Favorite (<-300),100,True,20.618556701030922,A
2024-12-07,loyola-marymount_vs_nevada_20241207,Team A,Team B,B,Team B,-345.0,0.80022952,0.7752808988764045,0.024948621123595527,0.020-0.025,Heavy Favorite (<-300),Heavy Favorite (<-300),100,False,-100.0,A
2025-01-30,loyola-marymount_vs_portland_20250130,Team A,Team B,A,Team A,-789.0,0.90118563,0.8875140607424072,0.01367156925759272,0.010-0.015,Heavy Favorite (<-300),Heavy Favorite (<-300),100,True,12.6742712294043,A
2025-01-30,maine_vs_new hampshire_20250130,Team A,Team B,A,Team A,-700.0,0.9015462,0.875,0.026546199999999964,0.025-0.030,Heavy Favorite (<-300),Heavy Favorite (<-300),100,True,14.28571428571428,A
2025-01-18,marist_vs_rider_20250118,Team A,Team B,A,Team A,-395.0,0.81727964,0.797979797979798,0.019299842020201963,0.015-0.020,Heavy Favorite (<-300),Heavy Favorite (<-300),100,False,-100.0,B
2025-02-23,marist_vs_niagara_20250223,Team A,Team B,A,Team A,-315.0,0.77558696,0.7590361445783133,0.016550815421686793,0.015-0.020,Heavy Favorite (<-300),Heavy Favorite (<-300),100,True,31.746031746031743,A
2025-01-03,marquette_vs_creighton_20250103,Team A,Team B,A,Team A,-528.0,0.8539662,0.8407643312101911,0.01320186878980889,0.010-0.015,Heavy Favorite (<-300),Heavy Favorite (<-300),100,True,18.939393939393945,A
2025-01-11,marshall_vs_georgia southern_20250111,Team A,Team B,A,Team A,-360.0,0.80565935,0.782608695652174,0.02305065434782605,0.020-0.025,Heavy Favorite (<-300),Heavy Favorite (<-300),100,True,27.777777777777768,A
2025-02-09,maryland_vs_rutgers_20250209,Team A,Team B,A,Team A,-465.0,0.8747094,0.8230088495575221,0.0517005504424779,0.050-0.055,Heavy Favorite (<-300),Heavy Favorite (<-300),100,True,21.505376344086024,A
2024-11-25,massachusetts-lowell_vs_merrimack_20241125,Team A,Team B,A,Team A,-310.0,0.81411284,0.7560975609756098,0.05801527902439019,0.055-0.060,Heavy Favorite (<-300),Heavy Favorite (<-300),100,True,32.258064516129025,A
2025-01-23,memphis_vs_wichita state_20250123,Team A,Team B,A,Team A,-843.0,0.9081676,0.8939554612937434,0.014212138706256594,0.010-0.015,Heavy Favorite (<-300),Heavy Favorite (<-300),100,True,11.862396204033221,A
2025-01-26,memphis_vs_uab_20250126,Team A,Team B,A,Team A,-305.0,0.7650503,0.7530864197530864,0.011963880246913527,0.010-0.015,Heavy Favorite (<-300),Heavy Favorite (<-300),100,True,32.78688524590163,A
2025-02-23,memphis_vs_florida atlantic_20250223,Team A,Team B,A,Team A,-395.0,0.8117787,0.797979797979798,0.013798902020201953,0.010-0.015,Heavy Favorite (<-300),Heavy Favorite (<-300),100,True,25.31645569620253,A
2025-03-07,memphis_vs_south florida_20250307,Team A,Team B,A,Team A,-929.0,0.9244885,0.902818270165209,0.021670229834791055,0.020-0.025,Heavy Favorite (<-300),Heavy Favorite (<-300),100,True,10.764262648008604,A
2025-01-03,merrimack_vs_fairfield_20250103,Team A,Team B,A,Team A,-335.0,0.80837244,0.7701149425287356,0.03825749747126439,0.035-0.040,Heavy Favorite (<-300),Heavy Favorite (<-300),100,True,29.850746268656714,A
2025-01-12,merrimack_vs_manhattan_20250112,Team A,Team B,A,Team A,-361.0,0.83067393,0.7830802603036876,0.0475936696963124,0.045-0.050,Heavy Favorite (<-300),Heavy Favorite (<-300),100,True,27.70083102493075,A
2025-01-31,merrimack_vs_mount st. mary's_20250131,Team A,Team B,A,Team A,-440.0,0.864677,0.8148148148148148,0.04986218518518526,0.045-0.050,Heavy Favorite (<-300),Heavy Favorite (<-300),100,False,-100.0,B
2025-02-06,merrimack_vs_niagara_20250206,Team A,Team B,A,Team A,-372.0,0.83482283,0.788135593220339,0.04668723677966102,0.045-0.050,Heavy Favorite (<-300),Heavy Favorite (<-300),100,True,26.881720430107524,A
2025-01-19,michigan_vs_northwestern_20250119,Team A,Team B,A,Team A,-503.0,0.8695894,0.8341625207296849,0.03542687927031507,0.035-0.040,Heavy Favorite (<-300),Heavy Favorite (<-300),100,True,19.880715705765418,A
2025-01-27,michigan_vs_penn state_20250127,Team A,Team B,A,Team A,-410.0,0.83029324,0.803921568627451,0.026371671372549033,0.025-0.030,Heavy Favorite (<-300),Heavy Favorite (<-300),100,True,24.390243902439025,A
2025-02-05,michigan_vs_oregon_20250205,Team A,Team B,A,Team A,-345.0,0.82308483,0.7752808988764045,0.04780393112359549,0.045-0.050,Heavy Favorite (<-300),Heavy Favorite (<-300),100,True,28.985507246376805,A
2025-02-08,michigan-state_vs_oregon_20250208,Team A,Team B,A,Team A,-422.0,0.84551895,0.8084291187739464,0.03708983122605358,0.035-0.040,Heavy Favorite (<-300),Heavy Favorite (<-300),100,True,23.696682464454977,A
2025-03-09,michigan-state_vs_michigan_20250309,Team A,Team B,A,Team A,-360.0,0.7957778,0.782608695652174,0.013169104347826033,0.010-0.015,Heavy Favorite (<-300),Heavy Favorite (<-300),100,True,27.777777777777768,A
2025-01-09,middle-tennessee_vs_kennesaw state_20250109,Team A,Team B,A,Team A,-450.0,0.83021635,0.8181818181818182,0.012034531818181815,0.010-0.015,Heavy Favorite (<-300),Heavy Favorite (<-300),100,True,22.222222222222232,A
2025-01-04,mississippi-state_vs_south carolina_20250104,Team A,Team B,A,Team A,-602.0,0.8697846,0.8575498575498576,0.012234742450142444,0.010-0.015,Heavy Favorite (<-300),Heavy Favorite (<-300),100,True,16.61129568106312,A
2025-03-04,mississippi-state_vs_texas_20250304,Team A,Team B,A,Team A,-311.0,0.7727027,0.7566909975669099,0.016011702433090025,0.015-0.020,Heavy Favorite (<-300),Heavy Favorite (<-300),100,False,-100.0,B
2025-01-25,missouri-state_vs_drake_20250125,Team A,Team B,B,Team B,-410.0,0.8520643,0.803921568627451,0.048142731372548986,0.045-0.050,Heavy Favorite (<-300),Heavy Favorite (<-300),100,True,24.390243902439025,B
2025-01-30,montana-state_vs_sacramento state_20250130,Team A,Team B,A,Team A,-600.0,0.8724464,0.8571428571428571,0.01530354285714286,0.015-0.020,Heavy Favorite (<-300),Heavy Favorite (<-300),100,True,16.666666666666675,A
2025-01-13,morgan-state_vs_norfolk state_20250113,Team A,Team B,B,Team B,-485.0,0.859845,0.8290598290598291,0.03078517094017086,0.030-0.035,Heavy Favorite (<-300),Heavy Favorite (<-300),100,False,-100.0,A
2024-11-16,mount-st-marys_vs_saint francis (pa)_20241116,Team A,Team B,A,Team A,-345.0,0.8234475,0.7752808988764045,0.0481666011235955,0.045-0.050,Heavy Favorite (<-300),Heavy Favorite (<-300),100,True,28.985507246376805,A
2025-02-01,nebraska-omaha_vs_denver_20250201,Team A,Team B,A,Team A,-581.0,0.8754165,0.8531571218795888,0.022259378120411233,0.020-0.025,Heavy Favorite (<-300),Heavy Favorite (<-300),100,True,17.211703958691913,A
2025-03-01,nebraska-omaha_vs_oral roberts_20250301,Team A,Team B,A,Team A,-550.0,0.86331826,0.8461538461538461,0.01716441384615386,0.015-0.020,Heavy Favorite (<-300),Heavy Favorite (<-300),100,True,18.181818181818187,A
2024-11-16,nevada_vs_santa clara_20241116,Team A,Team B,A,Team A,-329.0,0.78299236,0.7668997668997669,0.016092593100233143,0.015-0.020,Heavy Favorite (<-300),Heavy Favorite (<-300),100,True,30.395136778115493,A
2024-12-21,nevada_vs_colorado state_20241221,Team A,Team B,A,Team A,-375.0,0.82447577,0.7894736842105263,0.035002085789473725,0.035-0.040,Heavy Favorite (<-300),Heavy Favorite (<-300),100,False,-100.0,B
2025-02-17,norfolk-state_vs_delaware state_20250217,Team A,Team B,A,Team A,-380.0,0.8244395,0.7916666666666666,0.03277283333333336,0.030-0.035,Heavy Favorite (<-300),Heavy Favorite (<-300),100,True,26.315789473684205,A
2025-02-13,north-alabama_vs_north florida_20250213,Team A,Team B,A,Team A,-520.0,0.889189,0.8387096774193549,0.050479322580645136,0.050-0.055,Heavy Favorite (<-300),Heavy Favorite (<-300),100,True,19.23076923076923,A
2025-02-26,north-alabama_vs_queens (nc)_20250226,Team A,Team B,A,Team A,-325.0,0.7941265,0.7647058823529411,0.029420617647058833,0.025-0.030,Heavy Favorite (<-300),Heavy Favorite (<-300),100,True,30.76923076923077,A
2024-12-14,north-carolina-asheville_vs_western carolina_20241214,Team A,Team B,A,Team A,-355.0,0.81317,0.7802197802197802,0.032950219780219725,0.030-0.035,Heavy Favorite (<-300),Heavy Favorite (<-300),100,True,28.169014084507047,A
2024-12-23,north-dakota-state_vs_cal state bakersfield_20241223,Team A,Team B,A,Team A,-500.0,0.85727435,0.8333333333333334,0.023941016666666592,0.020-0.025,Heavy Favorite (<-300),Heavy Favorite (<-300),100,True,19.999999999999996,A
2025-01-04,north-dakota-state_vs_omaha_20250104,Team A,Team B,A,Team A,-820.0,0.904297,0.8913043478260869,0.0129926521739131,0.010-0.015,Heavy Favorite (<-300),Heavy Favorite (<-300),100,False,-100.0,B
2025-01-16,north-dakota-state_vs_kansas city_20250116,Team A,Team B,A,Team A,-444.0,0.89918214,0.8161764705882353,0.08300566941176468,0.080-0.085,Heavy Favorite (<-300),Heavy Favorite (<-300),100,True,22.522522522522515,A
2025-01-25,north-dakota-state_vs_north dakota_20250125,Team A,Team B,A,Team A,-550.0,0.9448919,0.8461538461538461,0.09873805384615386,0.095-0.100,Heavy Favorite (<-300),Heavy Favorite (<-300),100,True,18.181818181818187,A
2025-02-26,north-dakota-state_vs_south dakota_20250226,Team A,Team B,A,Team A,-310.0,0.8140213,0.7560975609756098,0.057923739024390186,0.055-0.060,Heavy Favorite (<-300),Heavy Favorite (<-300),100,True,32.258064516129025,A
2024-12-08,northeastern_vs_colgate_20241208,Team A,Team B,A,Team A,-389.0,0.80599475,0.7955010224948875,0.01049372750511246,0.010-0.015,Heavy Favorite (<-300),Heavy Favorite (<-300),100,True,25.70694087403598,A
2025-01-16,northern-arizona_vs_sacramento state_20250116,Team A,Team B,A,Team A,-410.0,0.8357167,0.803921568627451,0.03179513137254897,0.030-0.035,Heavy Favorite (<-300),Heavy Favorite (<-300),100,True,24.390243902439025,A
2025-01-14,northern-illinois_vs_miami (oh)_20250114,Team A,Team B,B,Team B,-627.0,0.88044898,0.8624484181568088,0.01800056184319121,0.015-0.020,Heavy Favorite (<-300),Heavy Favorite (<-300),100,True,15.94896331738438,B
2025-02-11,northern-iowa_vs_indiana state_20250211,Team A,Team B,A,Team A,-370.0,0.7997852,0.7872340425531915,0.012551157446808459,0.010-0.015,Heavy Favorite (<-300),Heavy Favorite (<-300),100,True,27.027027027027017,A
2025-01-26,north-texas_vs_florida atlantic_20250126,Team A,Team B,A,Team A,-380.0,0.8555057,0.7916666666666666,0.0638390333333334,0.060-0.065,Heavy Favorite (<-300),Heavy Favorite (<-300),100,True,26.315789473684205,A
2025-03-03,north-texas_vs_wichita state_20250303,Team A,Team B,A,Team A,-315.0,0.82981586,0.7590361445783133,0.0707797154216867,0.070-0.075,Heavy Favorite (<-300),Heavy Favorite (<-300),100,True,31.746031746031743,A
2025-01-18,oklahoma_vs_south carolina_20250118,Team A,Team B,A,Team A,-326.0,0.79441255,0.7652582159624414,0.029154334037558627,0.025-0.030,Heavy Favorite (<-300),Heavy Favorite (<-300),100,True,30.67484662576687,A
2025-01-21,oklahoma-state_vs_arizona_20250121,Team A,Team B,B,Team B,-400.0,0.85110135,0.8,0.051101349999999934,0.050-0.055,Heavy Favorite (<-300),Heavy Favorite (<-300),100,True,25.0,B
2025-02-22,oral-roberts_vs_st. thomas_20250222,Team A,Team B,B,Team B,-410.0,0.83952536,0.803921568627451,0.03560379137254899,0.035-0.040,Heavy Favorite (<-300),Heavy Favorite (<-300),100,False,-100.0,A
2025-02-27,oral-roberts_vs_south dakota state_20250227,Team A,Team B,B,Team B,-326.0,0.82138701,0.7652582159624414,0.05612879403755866,0.055-0.060,Heavy Favorite (<-300),Heavy Favorite (<-300),100,True,30.67484662576687,B
2025-01-05,penn-state_vs_indiana_20250105,Team A,Team B,A,Team A,-350.0,0.8014581,0.7777777777777778,0.02368032222222216,0.020-0.025,Heavy Favorite (<-300),Heavy Favorite (<-300),100,False,-100.0,B
2025-01-18,pennsylvania_vs_cornell_20250118,Team A,Team B,B,Team B,-354.0,0.7953390499999999,0.7797356828193832,0.015603367180616723,0.015-0.020,Heavy Favorite (<-300),Heavy Favorite (<-300),100,True,28.248587570621474,B
2025-02-01,pepperdine_vs_portland_20250201,Team A,Team B,A,Team A,-440.0,0.8683921,0.8148148148148148,0.05357728518518523,0.050-0.055,Heavy Favorite (<-300),Heavy Favorite (<-300),100,False,-100.0,B
2025-02-15,pittsburgh_vs_miami (fl)_20250215,Team A,Team B,A,Team A,-750.0,0.8949266,0.8823529411764706,0.012573658823529454,0.010-0.015,Heavy Favorite (<-300),Heavy Favorite (<-300),100,True,13.33333333333333,A
2025-01-11,providence_vs_seton hall_20250111,Team A,Team B,A,Team A,-316.0,0.8184698,0.7596153846153846,0.058854415384615444,0.055-0.060,Heavy Favorite (<-300),Heavy Favorite (<-300),100,True,31.645569620253156,A
2025-01-02,queens-nc_vs_stetson_20250102,Team A,Team B,A,Team A,-485.0,0.8717559,0.8290598290598291,0.042696070940170916,0.040-0.045,Heavy Favorite (<-300),Heavy Favorite (<-300),100,True,20.618556701030922,A
2025-01-25,quinnipiac_vs_rider_20250125,Team A,Team B,A,Team A,-701.0,0.8881727,0.8751560549313359,0.013016645068664179,0.010-0.015,Heavy Favorite (<-300),Heavy Favorite (<-300),100,True,14.265335235378029,A
2024-12-15,rhode-island_vs_central connecticut state_20241215,Team A,Team B,A,Team A,-488.0,0.85355073,0.8299319727891157,0.023618757210884356,0.020-0.025,Heavy Favorite (<-300),Heavy Favorite (<-300),100,True,20.491803278688536,A
2025-02-27,sacramento-state_vs_montana_20250227,Team A,Team B,B,Team B,-380.0,0.88782375,0.7916666666666666,0.09615708333333339,0.095-0.100,Heavy Favorite (<-300),Heavy Favorite (<-300),100,True,26.315789473684205,B
2024-12-31,saint-josephs_vs_massachusetts_20241231,Team A,Team B,A,Team A,-505.0,0.89328945,0.8347107438016529,0.05857870619834715,0.055-0.060,Heavy Favorite (<-300),Heavy Favorite (<-300),100,True,19.8019801980198,A
2025-02-05,samford_vs_mercer_20250205,Team A,Team B,A,Team A,-650.0,0.8813507,0.8666666666666667,0.014684033333333346,0.010-0.015,Heavy Favorite (<-300),Heavy Favorite (<-300),100,True,15.384615384615374,A
2024-12-05,san-francisco_vs_saint louis_20241205,Team A,Team B,A,Team A,-450.0,0.85344636,0.8181818181818182,0.03526454181818173,0.035-0.040,Heavy Favorite (<-300),Heavy Favorite (<-300),100,True,22.222222222222232,A
2025-02-01,san-jose-state_vs_air force_20250201,Team A,Team B,A,Team A,-454.0,0.8686857,0.8194945848375451,0.04919111516245489,0.045-0.050,Heavy Favorite (<-300),Heavy Favorite (<-300),100,True,22.026431718061666,A
2025-02-20,santa-clara_vs_loyola marymount_20250220,Team A,Team B,A,Team A,-650.0,0.8784951,0.8666666666666667,0.011828433333333277,0.010-0.015,Heavy Favorite (<-300),Heavy Favorite (<-300),100,True,15.384615384615374,A
2025-03-18,santa-clara_vs_uc riverside_20250318,Team A,Team B,A,Team A,-575.0,0.89284337,0.8518518518518519,0.040991518148148165,0.040-0.045,Heavy Favorite (<-300),Heavy Favorite (<-300),100,True,17.391304347826075,A
2025-02-08,seattle_vs_ut arlington_20250208,Team A,Team B,A,Team A,-436.0,0.8319983,0.8134328358208955,0.01856546417910443,0.015-0.020,Heavy Favorite (<-300),Heavy Favorite (<-300),100,True,22.935779816513758,A
2025-02-23,seton-hall_vs_xavier_20250223,Team A,Team B,B,Team B,-459.0,0.83470067,0.8211091234347049,0.013591546565295154,0.010-0.015,Heavy Favorite (<-300),Heavy Favorite (<-300),100,True,21.786492374727672,B
2025-01-16,south-dakota_vs_oral roberts_20250116,Team A,Team B,A,Team A,-329.0,0.8157526,0.7668997668997669,0.04885283310023314,0.045-0.050,Heavy Favorite (<-300),Heavy Favorite (<-300),100,True,30.395136778115493,A
2025-02-17,southern_vs_texas southern_20250217,Team A,Team B,A,Team A,-313.0,0.7754247,0.7578692493946732,0.017555450605326817,0.015-0.020,Heavy Favorite (<-300),Heavy Favorite (<-300),100,True,31.948881789137374,A
2024-11-17,southern-california_vs_california_20241117,Team A,Team B,A,Team A,-350.0,0.8205657,0.7777777777777778,0.04278792222222216,0.040-0.045,Heavy Favorite (<-300),Heavy Favorite (<-300),100,False,-100.0,B
2025-03-05,southern-california_vs_washington_20250305,Team A,Team B,A,Team A,-310.0,0.7736464,0.7560975609756098,0.017548839024390195,0.015-0.020,Heavy Favorite (<-300),Heavy Favorite (<-300),100,True,32.258064516129025,A
2025-01-01,southern-illinois_vs_evansville_20250101,Team A,Team B,A,Team A,-332.0,0.8008262,0.7685185185185185,0.032307681481481554,0.030-0.035,Heavy Favorite (<-300),Heavy Favorite (<-300),100,False,-100.0,B
2025-01-23,southern-illinois-edwardsville_vs_southern indiana_20250123,Team A,Team B,A,Team A,-310.0,0.80787235,0.7560975609756098,0.051774789024390255,0.050-0.055,Heavy Favorite (<-300),Heavy Favorite (<-300),100,True,32.258064516129025,A
2025-03-19,southern-methodist_vs_northern iowa_20250319,Team A,Team B,A,Team A,-460.0,0.8723243,0.8214285714285714,0.050895728571428656,0.050-0.055,Heavy Favorite (<-300),Heavy Favorite (<-300),100,True,21.739130434782616,A
2025-01-29,southern-mississippi_vs_arkansas state_20250129,Team A,Team B,B,Team B,-451.0,0.83868358,0.8185117967332124,0.02017178326678759,0.020-0.025,Heavy Favorite (<-300),Heavy Favorite (<-300),100,True,22.17294900221729,B
2025-01-09,southern-utah_vs_tarleton state_20250109,Team A,Team B,A,Team A,-308.0,0.7793625,0.7549019607843137,0.02446053921568625,0.020-0.025,Heavy Favorite (<-300),Heavy Favorite (<-300),100,False,-100.0,B
2025-02-15,southern-utah_vs_utah valley_20250215,Team A,Team B,B,Team B,-410.0,0.81954291,0.803921568627451,0.015621341372549002,0.015-0.020,Heavy Favorite (<-300),Heavy Favorite (<-300),100,True,24.390243902439025,B
2025-01-08,stanford_vs_virginia tech_20250108,Team A,Team B,A,Team A,-443.0,0.82598984,0.8158379373848987,0.010151902615101238,0.010-0.015,Heavy Favorite (<-300),Heavy Favorite (<-300),100,True,22.57336343115124,A
2025-03-18,stanford_vs_cal state northridge_20250318,Team A,Team B,A,Team A,-330.0,0.79688853,0.7674418604651163,0.02944666953488373,0.025-0.030,Heavy Favorite (<-300),Heavy Favorite (<-300),100,True,30.303030303030297,A
2025-01-11,st-bonaventure_vs_la salle_20250111,Team A,Team B,A,Team A,-815.0,0.9340757,0.8907103825136612,0.04336531748633876,0.040-0.045,Heavy Favorite (<-300),Heavy Favorite (<-300),100,False,-100.0,B
2025-02-01,st-bonaventure_vs_fordham_20250201,Team A,Team B,A,Team A,-650.0,0.9162632,0.8666666666666667,0.04959653333333336,0.045-0.050,Heavy Favorite (<-300),Heavy Favorite (<-300),100,True,15.384615384615374,A
2025-03-05,st-bonaventure_vs_massachusetts_20250305,Team A,Team B,A,Team A,-375.0,0.8086656,0.7894736842105263,0.019191915789473657,0.015-0.020,Heavy Favorite (<-300),Heavy Favorite (<-300),100,True,26.66666666666666,A
2024-11-21,stephen-f-austin_vs_presbyterian_20241121,Team A,Team B,A,Team A,-418.0,0.8363102,0.806949806949807,0.029360393050193,0.025-0.030,Heavy Favorite (<-300),Heavy Favorite (<-300),100,False,-100.0,B
2025-01-11,stetson_vs_north alabama_20250111,Team A,Team B,B,Team B,-355.0,0.8593176499999999,0.7802197802197802,0.07909786978021971,0.075-0.080,Heavy Favorite (<-300),Heavy Favorite (<-300),100,True,28.169014084507047,B
2024-11-17,st-johns-ny_vs_new mexico_20241117,Team A,Team B,A,Team A,-330.0,0.7889876,0.7674418604651163,0.0215457395348837,0.020-0.025,Heavy Favorite (<-300),Heavy Favorite (<-300),100,True,30.303030303030297,A
2025-01-22,st-johns-ny_vs_xavier_20250122,Team A,Team B,A,Team A,-310.0,0.8199758,0.7560975609756098,0.06387823902439027,0.060-0.065,Heavy Favorite (<-300),Heavy Favorite (<-300),100,True,32.258064516129025,A
2025-01-11,st-thomas-mn_vs_south dakota_20250111,Team A,Team B,A,Team A,-484.0,0.8528485,0.8287671232876712,0.024081376712328795,0.020-0.025,Heavy Favorite (<-300),Heavy Favorite (<-300),100,True,20.661157024793386,A
2025-02-27,st-thomas-mn_vs_north dakota_20250227,Team A,Team B,A,Team A,-563.0,0.86027175,0.8491704374057315,0.011101312594268498,0.010-0.015,Heavy Favorite (<-300),Heavy Favorite (<-300),100,True,17.761989342806395,A
2025-03-08,tarleton-state_vs_utah valley_20250308,Team A,Team B,B,Team B,-305.0,0.80603343,0.7530864197530864,0.05294701024691362,0.050-0.055,Heavy Favorite (<-300),Heavy Favorite (<-300),100,True,32.78688524590163,B
2025-01-29,temple_vs_charlotte_20250129,Team A,Team B,A,Team A,-455.0,0.8419276,0.8198198198198198,0.022107780180180225,0.020-0.025,Heavy Favorite (<-300),Heavy Favorite (<-300),100,True,21.97802197802199,A
2025-02-12,temple_vs_tulsa_20250212,Team A,Team B,A,Team A,-400.0,0.8308003,0.8,0.030800300000000003,0.030-0.035,Heavy Favorite (<-300),Heavy Favorite (<-300),100,False,-100.0,B
2025-02-08,tennessee-martin_vs_western illinois_20250208,Team A,Team B,A,Team A,-329.0,0.8311389,0.7668997668997669,0.0642391331002331,0.060-0.065,Heavy Favorite (<-300),Heavy Favorite (<-300),100,True,30.395136778115493,A
2025-02-06,tennessee-state_vs_western illinois_20250206,Team A,Team B,A,Team A,-440.0,0.85385543,0.8148148148148148,0.0390406151851852,0.035-0.040,Heavy Favorite (<-300),Heavy Favorite (<-300),100,True,22.72727272727273,A
2025-03-01,tennessee-state_vs_southern indiana_20250301,Team A,Team B,A,Team A,-354.0,0.8505973,0.7797356828193832,0.07086161718061679,0.070-0.075,Heavy Favorite (<-300),Heavy Favorite (<-300),100,True,28.248587570621474,A
2024-12-03,texas-am_vs_wake forest_20241203,Team A,Team B,A,Team A,-450.0,0.8318749,0.8181818181818182,0.01369308181818174,0.010-0.015,Heavy Favorite (<-300),Heavy Favorite (<-300),100,True,22.222222222222232,A
2025-02-15,texas-am_vs_arkansas_20250215,Team A,Team B,A,Team A,-375.0,0.81104046,0.7894736842105263,0.021566775789473636,0.020-0.025,Heavy Favorite (<-300),Heavy Favorite (<-300),100,True,26.66666666666666,A
2025-02-13,texas-el-paso_vs_florida international_20250213,Team A,Team B,A,Team A,-470.0,0.84915984,0.8245614035087719,0.02459843649122806,0.020-0.025,Heavy Favorite (<-300),Heavy Favorite (<-300),100,True,21.27659574468086,A
2024-12-07,texas-pan-american_vs_lamar_20241207,Team A,Team B,A,Team A,-312.0,0.78209347,0.7572815533980582,0.024811916601941708,0.020-0.025,Heavy Favorite (<-300),Heavy Favorite (<-300),100,False,-100.0,B
2025-02-04,texas-tech_vs_baylor_20250204,Team A,Team B,A,Team A,-350.0,0.80025613,0.7777777777777778,0.022478352222222164,0.020-0.025,Heavy Favorite (<-300),Heavy Favorite (<-300),100,True,28.57142857142856,A
2025-01-09,troy_vs_texas state_20250109,Team A,Team B,A,Team A,-315.0,0.7872605,0.7590361445783133,0.028224355421686775,0.025-0.030,Heavy Favorite (<-300),Heavy Favorite (<-300),100,False,-100.0,B
2025-01-27,troy_vs_southern mississippi_20250127,Team A,Team B,A,Team A,-800.0,0.9057179,0.8888888888888888,0.016829011111111125,0.015-0.020,Heavy Favorite (<-300),Heavy Favorite (<-300),100,True,12.5,A
2025-01-30,troy_vs_georgia southern_20250130,Team A,Team B,A,Team A,-650.0,0.8892733,0.8666666666666667,0.022606633333333348,0.020-0.025,Heavy Favorite (<-300),Heavy Favorite (<-300),100,True,15.384615384615374,A
2025-02-26,tulane_vs_charlotte_20250226,Team A,Team B,A,Team A,-338.0,0.8474133,0.771689497716895,0.07572380228310505,0.075-0.080,Heavy Favorite (<-300),Heavy Favorite (<-300),100,True,29.585798816568044,A
2025-01-11,utah_vs_oklahoma state_20250111,Team A,Team B,A,Team A,-323.0,0.7738782,0.7635933806146572,0.010284819385342758,0.010-0.015,Heavy Favorite (<-300),Heavy Favorite (<-300),100,True,30.959752321981426,A
2025-03-04,vanderbilt_vs_arkansas_20250304,Team A,Team B,A,Team A,-350.0,0.82396513,0.7777777777777778,0.046187352222222255,0.045-0.050,Heavy Favorite (<-300),Heavy Favorite (<-300),100,False,-100.0,B
2024-12-17,villanova_vs_seton hall_20241217,Team A,Team B,A,Team A,-400.0,0.83443034,0.8,0.034430340000000004,0.030-0.035,Heavy Favorite (<-300),Heavy Favorite (<-300),100,True,25.0,A
2025-01-05,washington_vs_illinois_20250105,Team A,Team B,B,Team B,-310.0,0.8025187,0.7560975609756098,0.04642113902439027,0.045-0.050,Heavy Favorite (<-300),Heavy Favorite (<-300),100,True,32.258064516129025,B
2025-01-15,washington_vs_purdue_20250115,Team A,Team B,B,Team B,-356.0,0.81158137,0.7807017543859649,0.030879615614035072,0.030-0.035,Heavy Favorite (<-300),Heavy Favorite (<-300),100,True,28.08988764044944,B
2024-11-18,washington-state_vs_northern colorado_20241118,Team A,Team B,A,Team A,-750.0,0.90475714,0.8823529411764706,0.022404198823529398,0.020-0.025,Heavy Favorite (<-300),Heavy Favorite (<-300),100,True,13.33333333333333,A
2024-12-14,washington-state_vs_missouri state_20241214,Team A,Team B,A,Team A,-700.0,0.9456718,0.875,0.07067179999999995,0.070-0.075,Heavy Favorite (<-300),Heavy Favorite (<-300),100,True,14.28571428571428,A
2024-12-30,washington-state_vs_loyola marymount_20241230,Team A,Team B,A,Team A,-433.0,0.86817247,0.8123827392120075,0.05578973078799243,0.055-0.060,Heavy Favorite (<-300),Heavy Favorite (<-300),100,True,23.094688221709013,A
2025-02-08,washington-state_vs_pepperdine_20250208,Team A,Team B,A,Team A,-550.0,0.8673026,0.8461538461538461,0.02114875384615389,0.020-0.025,Heavy Favorite (<-300),Heavy Favorite (<-300),100,True,18.181818181818187,A
2025-02-26,western-carolina_vs_wofford_20250226,Team A,Team B,B,Team B,-425.0,0.86259034,0.8095238095238095,0.05306653047619048,0.050-0.055,Heavy Favorite (<-300),Heavy Favorite (<-300),100,True,23.529411764705888,B
2024-11-30,western-kentucky_vs_marshall_20241130,Team A,Team B,A,Team A,-350.0,0.7880919,0.7777777777777778,0.010314122222222166,0.010-0.015,Heavy Favorite (<-300),Heavy Favorite (<-300),100,True,28.57142857142856,A
2025-03-06,western-kentucky_vs_florida international_20250306,Team A,Team B,A,Team A,-325.0,0.7798597,0.7647058823529411,0.01515381764705892,0.015-0.020,Heavy Favorite (<-300),Heavy Favorite (<-300),100,True,30.76923076923077,A
2025-01-02,west-georgia_vs_florida gulf coast_20250102,Team A,Team B,B,Team B,-375.0,0.80519284,0.7894736842105263,0.015719155789473693,0.015-0.020,Heavy Favorite (<-300),Heavy Favorite (<-300),100,True,26.66666666666666,B
2025-02-08,west-georgia_vs_north alabama_20250208,Team A,Team B,B,Team B,-550.0,0.86701314,0.8461538461538461,0.020859293846153815,0.020-0.025,Heavy Favorite (<-300),Heavy Favorite (<-300),100,True,18.181818181818187,B
2024-11-20,west-virginia_vs_iona_20241120,Team A,Team B,A,Team A,-923.0,0.9273296,0.9022482893450635,0.02508131065493646,0.025-0.030,Heavy Favorite (<-300),Heavy Favorite (<-300),100,True,10.834236186348868,A
2025-01-04,west-virginia_vs_oklahoma state_20250104,Team A,Team B,A,Team A,-400.0,0.87323016,0.8,0.07323015999999993,0.070-0.075,Heavy Favorite (<-300),Heavy Favorite (<-300),100,True,25.0,A
2025-01-21,west-virginia_vs_arizona state_20250121,Team A,Team B,A,Team A,-415.0,0.82375056,0.8058252427184466,0.017925317281553443,0.015-0.020,Heavy Favorite (<-300),Heavy Favorite (<-300),100,False,-100.0,B
2025-02-08,west-virginia_vs_utah_20250208,Team A,Team B,A,Team A,-310.0,0.78339255,0.7560975609756098,0.027294989024390204,0.025-0.030,Heavy Favorite (<-300),Heavy Favorite (<-300),100,True,32.258064516129025,A
2024-12-07,wichita-state_vs_east tennessee state_20241207,Team A,Team B,A,Team A,-340.0,0.7998891,0.7727272727272727,0.027161827272727312,0.025-0.030,Heavy Favorite (<-300),Heavy Favorite (<-300),100,True,29.41176470588236,A
2025-01-26,wisconsin_vs_nebraska_20250126,Team A,Team B,A,Team A,-355.0,0.8221978,0.7802197802197802,0.041978019780219755,0.040-0.045,Heavy Favorite (<-300),Heavy Favorite (<-300),100,True,28.169014084507047,A
2025-02-04,wisconsin_vs_indiana_20250204,Team A,Team B,A,Team A,-453.0,0.8448255,0.8191681735985533,0.02565732640144669,0.025-0.030,Heavy Favorite (<-300),Heavy Favorite (<-300),100,True,22.07505518763797,A
2025-02-22,wisconsin_vs_oregon_20250222,Team A,Team B,A,Team A,-395.0,0.8202996,0.797979797979798,0.022319802020202006,0.020-0.025,Heavy Favorite (<-300),Heavy Favorite (<-300),100,False,-100.0,B
2025-01-18,wofford_vs_mercer_20250118,Team A,Team B,A,Team A,-330.0,0.8348764,0.7674418604651163,0.06743453953488365,0.065-0.070,Heavy Favorite (<-300),Heavy Favorite (<-300),100,True,30.303030303030297,A
2024-11-30,wright-state_vs_air force_20241130,Team A,Team B,A,Team A,-400.0,0.8102776,0.8,0.010277599999999998,0.010-0.015,Heavy Favorite (<-300),Heavy Favorite (<-300),100,True,25.0,A
2025-02-18,wyoming_vs_air force_20250218,Team A,Team B,A,Team A,-430.0,0.83175296,0.8113207547169812,0.02043220528301881,0.020-0.025,Heavy Favorite (<-300),Heavy Favorite (<-300),100,True,23.25581395348837,A
2025-02-21,yale_vs_cornell_20250221,Team A,Team B,A,Team A,-643.0,0.9009427,0.8654104979811574,0.03553220201884255,0.035-0.040,Heavy Favorite (<-300),Heavy Favorite (<-300),100,True,15.552099533437014,A
